{
    "1261909408749715506": {
        "category_id": 1273275111834652672,
        "list_channel_id": 1273325418757361725,
        "\ub514\uc2a4\ucf54\ub4dc\ubd07\uac1c\ubc1c\uc2a4\ud130\ub514": {
            "guild_name": "\ub514\uc2a4\ucf54\ub4dc\ubd07\uac1c\ubc1c\uc2a4\ud130\ub514",
            "guild_leader_id": 533300070393839617,
            "role_id": 1273415715080245319,
            "channel_id": 1273415716544057356,
            "message_id": 1273415719509426228
        }
    },
    "1236617827818143806": {
        "category_id": 1236617829013389342,
        "list_channel_id": 1273351207334707314,
        "\uc774\uc815": {
            "guild_name": "\uc774\uc815",
            "guild_leader_id": 533300070393839617,
            "role_id": 1273437549251137628,
            "channel_id": 1273437550580727809,
            "message_id": 1273437553264951408,
            "guild_members": [
                413609775318827009
            ]
        }
    }
}