{
    "1261909408749715506": {
        "1272886639852654665": {
            "message_id": "1272886639852654665",
            "channel_id": "1262153254133825566",
            "emojis": [
                "\ud83c\udde6",
                "\ud83c\udde7"
            ],
            "question": "\ud1a0\uc694\uc77c(17\uc77c)\uc800\ub141\uc2dd\uc0ac",
            "options": [
                "\ucc38",
                "\ubd88\ucc38"
            ],
            "end_date": "2024-08-18T11:57:05.358330+00:00",
            "votes": {
                "533300070393839617": "\ud83c\udde6",
                "249809232835248128": "\ud83c\udde6",
                "958273048602112110": "\ud83c\udde6",
                "339731218767675393": "\ud83c\udde6",
                "545608938150690827": "\ud83c\udde7"
            }
        }
    }
}